species,taxon
ABRA SP.,ABRA SP.
ACEROIDES LATIPES,ACEROIDES LATIPES
ACEROIDES SP.,ACEROIDES SP.
ALCYONIDUM VERMICULARE,ALCYONIDUM VERMICULARE
ALCYONIDUM VERMICULARE FRAGMENT,ALCYONIDUM VERMICULARE
ALVANIA SP,ALVANIA SP
AMAGE SP.,AMAGE SP.
AMAROUCIUM SP.,AMAROUCIUM SP.
AMICULA VESTITA,AMICULA VESTITA
AMMOTRYPANE MULTIPAPILATA,AMMOTRYPANE MULTIPAPILATA
AMPELISCA BIRULAI,AMPELISCA BIRULAI
AMPELISCA DERJUNGI,AMPELISCA DERJUNGI
AMPELISCA ERYTHRORHABDOTA,AMPELISCA ERYTHRORHABDOTA
AMPELISCA ESCHRICHTII,AMPELISCA ESCHRICHTII
AMPELISCA MACROCEPHALA,AMPELISCA MACROCEPHALA
AMPELISCA SP.,other.unid
AMPELISCIDAE FRAGMENT,other.unid
AMPHARETE ACUTIFRONS,AMPHARETE ACUTIFRONS
AMPHARETE ARCTICA,AMPHARETE ARCTICA
AMPHARETE FINMARCHICA,AMPHARETE FINMARCHICA
AMPHARETE GOESI,AMPHARETE GOESI
AMPHARETE LINDSTROEMI,AMPHARETE LINDSTROEMI
AMPHARETE LINDSTROEMI FRAGMENT,AMPHARETE LINDSTROEMI FRAGMENT
AMPHARETE SP.,other.unid
AMPHARETE VEGA,AMPHARETE VEGA
AMPHARETIDAE,other.unid
AMPHIODIA SP.,AMPHIODIA SP.
AMPHIOPHIURA SP.,AMPHIOPHIURA SP.
AMPHIPODA FRAGMENT,other.unid
AMPHITRITE SP.,AMPHITRITE SP.
AMPHIURA SP.,AMPHIURA SP.
AMPITHOE SP.,AMPITHOE SP.
ANISOGAMMARUS SP.,ANISOGAMMARUS SP.
ANONYX LILLJEBORGII,ANONYX LILLJEBORGII
ANONYX SP.,ANONYX SP.
ANTHOZOA (CORAL),ANTHOZOA
ANTHOZOA (CORAL) FRAGMENT,ANTHOZOA
ANTHOZOA ACTINARIA,ANTHOZOA
ANTHOZOA FRAGMENT,ANTHOZOA
APHERUSA SP.,APHERUSA SP.
APISTOBRANCHUS SP.,APISTOBRANCHUS SP.
APISTOBRANCHUS SP. FRAGMENT,APISTOBRANCHUS SP.
APISTOBRANCHUS TULLBERGI,APISTOBRANCHUS SP.
ARCTEOBIA ANTICOSTIENISIS,ARCTEOBIA ANTICOSTIENISIS
ARCTEOBIA SPINELYTRIS,ARCTEOBIA SPINELYTRIS
ARCTURIDAE,other.unid
ARCTURUS SP.,ARCTURUS SP.
ARENICOLIDAE,other.unid
ARICIDEA JEFFREYSEI,ARICIDEA JEFFREYSEI
ARICIDEA LOPEZI,ARICIDEA LOPEZI
ARICIDEA MINUTA,ARICIDEA MINUTA
ARICIDEA NEOSUECICA,ARICIDEA NEOSUECICA
ARRHIS SP.,ARRHIS SP.
ARTACAMA PROBOSCIDEA,ARTACAMA PROBOSCIDEA
ASCIDIACEA,other.unid
ASCIDIACEA FRAGMENT,other.unid
ASTARTE ALASKENSIS,ASTARTE ALASKENSIS
ASTARTE ARCTICA,ASTARTE ARCTICA
ASTARTE BOREALIS,ASTARTE BOREALIS
ASTARTE CRENATA,ASTARTE CRENATA
ASTARTE MONTAGUI,ASTARTE MONTAGUI
ASTARTE SP.,other.unid
ASTARTE SP. FRAGMENT,other.unid
ATYLIDAE,other.unid
AUTOLYTUS PRISMATICUS,AUTOLYTUS PRISMATICUS
AXINOPSIDA ORBICULATA,AXINOPSIDA ORBICULATA
AXINOPSIDA SERRICATA,AXINOPSIDA SERRICATA
AXINOPSIDA SP.,other.unid
AXIOTHELLA CATENATA,AXIOTHELLA SP.
AXIOTHELLA CATENATA FRAGMENT,AXIOTHELLA SP.
AXIOTHELLA SP.,AXIOTHELLA SP.
AXIOTHELLA SP. FRAGMENT,AXIOTHELLA SP.
BARANTOLLA AMERICANA,BARANTOLLA AMERICANA
BATHYMEDON SP.,BATHYMEDON SP.
BIVALVIA [PELECYPODA],other.unid
BIVALVIA [PELECYPODA] FRAGMENT,other.unid
BODOTRIA SCORPIOIDES,BODOTRIA SCORPIOIDES
BOLTENIA ECHINATA,BOLTENIA SP.
BOLTENIA SP.,BOLTENIA SP.
BRACHIOPODA,other.unid
BRACHYDIASTYLIS RESIMA,BRACHYDIASTYLIS RESIMA
BRADA INCRUSTATA,BRADA INCRUSTATA
BRADA INHABILIS,BRADA INHABILIS
BRADA NUDA,BRADA NUDA
BRADA RUGOSA,BRADA RUGOSA
BRADA SACHALINA,BRADA SACHALINA
BRADA SP.,other.unid
BRADA VILLOSA,BRADA VILLOSA
BRYOZOA FRAGMENT,BRYOZOA FRAGMENT
BYBLIS SP.,BYBLIS SP.
BYLGIDES ELEGANS,BYLGIDES ELEGANS
CAMPYLASPIS AFFINIS,CAMPYLASPIS AFFINIS
CAMPYLASPIS RIBUCUNDA,CAMPYLASPIS RIBUCUNDA
CAMPYLASPIS SP.,other.unid
CAPITELLA CAPITATA,CAPITELLA SP.
CAPITELLA SP.,CAPITELLA SP.
CAPITELLIDAE,other.unid
CAPITELLIDAE FRAGMENT,other.unid
CAPRELLA SP.,CAPRELLA SP.
CENTROMEDON SP.,CENTROMEDON SP.
CERADOCUS SP.,CERADOCUS SP.
CERADOCUS TORELLI,CERADOCUS SP.
CHAETODERMA SP.,CHAETODERMA SP.
CHELYOSOMA ORIENTALE,CHELYOSOMA SP.
CHELYOSOMA SP.,CHELYOSOMA SP.
CHIRIDOTA SP.,CHIRIDOTA SP.
CHONE DUNERI,CHONE DUNERI
CHONE INFUNDIBULIFORMIS,CHONE INFUNDIBULIFORMIS
CHONE PAUCIBRANCHIATA,CHONE PAUCIBRANCHIATA
CHONE SP.,other.unid
CHONE SP. FRAGMENT,other.unid
CIRRATULIDAE,CIRRATULIDAE
CIRRATULIDAE FRAGMENT,CIRRATULIDAE
CIRRATULUS CIRRATUS,CIRRATULIDAE
CIRRATULUS SP.,CIRRATULIDAE
CLINOCARDIUM CALIFORNIENSE,CLINOCARDIUM CALIFORNIENSE
CLINOCARDIUM CILIATUM,CLINOCARDIUM CILIATUM
CLYMENURA POLARIS,CLYMENURA POLARIS
COROPHIIDAE,other.unid
COROPHIUM SP.,COROPHIUM SP.
COSSURA PYGODACTYLA,COSSURA SP.
COSSURA SP.,COSSURA SP.
CRUSTACEA,other.unid
CRUSTACEA FRAGMENT,other.unid
CTENODISCUS CRISPATUS,CTENODISCUS CRISPATUS
CUCUMARIA CALCIGERA,CUCUMARIA SP.
CUCUMARIA SP.,CUCUMARIA SP.
CUMACEA,CUMACEA
CUMACEA FRAGMENT,CUMACEA
CUMELLA SP.,CUMELLA SP.
CUMIDAE,other.unid
CYCLOCARDIA CRASSIDENS,CYCLOCARDIA CRASSIDENS
CYCLOCARDIA CREABRICOSTATA,CYCLOCARDIA CREABRICOSTATA
CYCLOCARDIA UMNAKA,CYCLOCARDIA UMNAKA
CYLICHNA ALBA,CYLICHNA ALBA
CYLICHNA OCULATA,CYLICHNA OCULATA
CYLICHNA SP.,other.unid
CYLICHNIDAE,other.unid
CYRTODARIA KURRIANA,CYRTODARIA KURRIANA
DIASTYLIS ALESKENSIS,DIASTYLIS ALESKENSIS
DIASTYLIS BIDENTATA,DIASTYLIS BIDENTATA
DIASTYLIS DALLI,DIASTYLIS DALLI
DIASTYLIS GOODSIRI,DIASTYLIS GOODSIRI
DIASTYLIS PARASPINULOSA,DIASTYLIS PARASPINULOSA
DIASTYLIS RATHKEI,DIASTYLIS RATHKEI
DIASTYLIS SCORPIOIDES,DIASTYLIS SCORPIOIDES
DIASTYLIS SP.,other.unid
DIASTYLIS SPINULOSA,DIASTYLIS SPINULOSA
DIPLOCIRRUS LONGOSETOSUS,DIPLOCIRRUS SP.
DIPLOCIRRUS SP.,DIPLOCIRRUS SP.
DIPLODONTA SP.,DIPLODONTA SP.
DISOMA MULTISETOSUM,DISOMA MULTISETOSUM
DULICHIA SP.,DULICHIA SP.
ECHINARACHNIUS PARMA,ECHINARACHNIUS PARMA
ECHINOIDEA,other.unid
ECHIURIDAE FRAGMENT,other.unid
ECHIURUS ECHIURUS,ECHIURUS ECHIURUS
ELPIDIA GRACIALIS,ELPIDIA SP.
ELPIDIA SP.,ELPIDIA SP.
ENCHYTRAEIDAE,other.unid
ENIPO CANADENSIS,ENIPO CANADENSIS
ENIPO CHUCKCHI,ENIPO CHUCKCHI
ENIPO GRACILIS,ENIPO GRACILIS
ENIPO SP.,other.unid
ENNUCULA TENUIS [N. BELLOTI],ENNUCULA TENUIS
ENTOPROCTA,other.unid
ENTOPROCTA FRAGMENT,other.unid
EOHAUSTORIUS EOUS,EOHAUSTORIUS EOUS
ERICHONIUS DIFFORMIS,ERICHONIUS DIFFORMIS
ETEONE AURICANTA,ETEONE AURICANTA
ETEONE BARBATA,ETEONE BARBATA
ETEONE FLAVA,ETEONE FLAVA
ETEONE LONGA,ETEONE LONGA
ETEONE SP.,other.unid
ETEONE SP. FRAGMENT,other.unid
ETEONE SPETSBERGENSIS,ETEONE SPETSBERGENSIS
ETEONE SPETSBERGENSIS FRAGMENT,ETEONE SPETSBERGENSIS
EUCHONE ANALIS,EUCHONE ANALIS
EUCHONE PAPILLOSA,EUCHONE PAPILLOSA
EUCHONE SP.,other.unid
EUDORELLA EMARGINATA,EUDORELLA EMARGINATA
EUDORELLA PACIFICA,EUDORELLA PACIFICA
EUDORELLA SP.,other.unid
EUDORELLA TRUNCATULA,EUDORELLA TRUNCATULA
EUDORELLOPSIS DEFORMIS,EUDORELLOPSIS DEFORMIS
EUDORELLOPSIS DERZHAVINI,EUDORELLOPSIS DERZHAVINI
EUDORELLOPSIS INTEGRA,EUDORELLOPSIS INTEGRA
EUDORELLOPSIS SP.,other.unid
EUDORELLOPSIS USCHAKOVI,EUDORELLOPSIS USCHAKOVI
EUMIDA SP.,EUMIDA SP.
EUNOE DEPRESSA,EUNOE DEPRESSA
EUSIRIDAE [PONTOGENEIIDAE],other.unid
EUSIRUS SP.,other.unid
EUSPIRA PALLIDA [POLINICES PALLIDA] (X,other.unid
EUSYLLIS ASSIMILIS,EUSYLLIS ASSIMILIS
EUSYLLIS SP.,other.unid
EXOGONE SP.,EXOGONE SP.
FABRICIA SP.,FABRICIA SP.
FRIGIDOALVANIA SP.,FRIGIDOALVANIA SP.
GALATHOWENIA FRAGILIS,GALATHOWENIA FRAGILIS
GAMMARIDAE,other.unid
GAMMAROPSIS SP.,other.unid
GAMMARUS SP.,GAMMARUS SP.
GASTROPODA,other.unid
GASTROPODA FRAGMENT,other.unid
GATTYANA AMONDSENI,GATTYANA AMONDSENI
GATTYANA CILIATA,GATTYANA CILIATA
GATTYANA CIRRHOSA,GATTYANA CIRRHOSA
GATTYANA NUTTI,GATTYANA NUTTI
GATTYANA SP.,other.unid
GATTYANA TREADWELLI,GATTYANA TREADWELLI
GERSEMIA RUBIFORMIS,GERSEMIA RUBIFORMIS
GERSEMIA RUBIFORMIS FRAGMENT,GERSEMIA RUBIFORMIS
GLYCINDE ARMIGERA,GLYCINDE ARMIGERA
GLYCINDE ARMIGERA FRAGMENT,GLYCINDE ARMIGERA
GLYCINDE SP. FRAGMENT,other.unid
GLYCINDE WIRENII,GLYCINDE WIRENII
GOLFINGIA MARGARITACEA,GOLFINGIA MARGARITACEA
GOLFINGIA SP.,other.unid
GOLFINGIA VULGARIS,GOLFINGIA VULGARIS
GONIADA ANNULATA,GONIADA ANNULATA
GRANDIFOXUS SP.,GRANDIFOXUS SP.
GUERNEA SP.,GUERNEA SP.
HALICRYPTUS SPINULOSIS,HALICRYPTUS SPINULOSIS
HALOCYNTHIA AURANTIUM,HALOCYNTHIA AURANTIUM
HALOCYNTHIA RORETZI,HALOCYNTHIA RORETZI
HAPLOOPS SP.,HAPLOOPS SP.
HAPLOOPS TUBICOLA,HAPLOOPS SP.
HARMOTHOE IMBRICATA,HARMOTHOE SP.
HARMOTHOE PROPINQUA,HARMOTHOE SP.
HARMOTHOE SP.,HARMOTHOE SP.
HARMOTHOE VIRIDIS,HARMOTHOE SP.
HARPINIA GURJANOVAE,HARPINIA SP.
HARPINIA KOBJAKOVAE,HARPINIA SP.
HARPINIA SERRIATA,HARPINIA SP.
HARPINIA SP.,HARPINIA SP.
HESPERONOE LAEVIS,HESPERONOE SP.
HESPERONOE SP.,HESPERONOE SP.
HETEROMASTUS SP.,HETEROMASTUS SP.
HETEROPHOXUS SP.,HETEROPHOXUS SP.
HIATELLA ARCTICA,HIATELLA ARCTICA
HIATELLIDAE,other.unid
HIPPOMEDON SP.,HIPPOMEDON SP.
HOLOTHUROIDEA,other.unid
HYALIDAE,other.unid
IDANTHYRSUS ARMATUS,IDANTHYRSUS ARMATUS
IDOTEA SP.,IDOTEA SP.
IDOTEIDAE,other.unid
ISCHNOCHITONIDAE [LEPITOCHITONIDAE] (X,other.unid
ISCHYROCERUS SP.,ISCHYROCERUS SP.
ISOPODA,other.unid
ISOPODA FRAGMENT,other.unid
JASMINEIRA PACIFICA,JASMINEIRA PACIFICA
KURTIELLA PLANATA [MYSELLA PLANATA],KURTIELLA PLANATA
KURTIELLA TUMIDA [MYSELLA TUMIDA],KURTIELLA TUMIDA
LANICE CONCHYLEGA,LANICE CONCHYLEGA
LANIROPSIS SP.,LANIROPSIS SP.
LAONICE SP.,LAONICE SP.
LAPHANIA BOECKI,LAPHANIA BOECKI
LEITOSCOLOPLOS PUGETTENSIS,LEITOSCOLOPLOS PUGETTENSIS
LEPTOGNATHIA GRACILIS,LEPTOGNATHIA GRACILIS
LEPTOGNATHIIDAE,other.unid
LEPTOPLANIDAE,other.unid
LEPTOPLANTA SP.,LEPTOPLANTA SP.
LEUCON NASICA,LEUCON SP.
LEUCON NASICOIDES,LEUCON SP.
LEUCON SP.,LEUCON SP.
LEUCONIDAE FRAGMENT,other.unid
LEVINSENIA GRACILIS,LEVINSENIA GRACILIS
LEVINSENIA SP.,other.unid
LIOCYMA FLUCTUOSA,LIOCYMA FLUCTUOSA
LUCINOMA ANNULATA,LUCINOMA ANNULATA
LUMBRICLYMENE MINOR,LUMBRICLYMENE MINOR
LYONSIA ARENOSA,LYONSIA ARENOSA
LYSIPPE LABIATA,LYSIPPE LABIATA
MACOMA CALCAREA,MACOMA CALCAREA
MACOMA DEXIOPTERA,MACOMA DEXIOPTERA
MACOMA INQUINATA,MACOMA INQUINATA
MACOMA LAMA,MACOMA LAMA
MACOMA MOESTA,MACOMA MOESTA
MACOMA SP.,other.unid
MACOMA TORELLI,MACOMA TORELLI
MACOMA YOLDIFORMIS,MACOMA YOLDIFORMIS
MAERA DANAE,MAERA DANAE
MAERA LOVENI,MAERA LOVENI
MAERA SP.,other.unid
MAGELONA LONGICORNIS,MAGELONA LONGICORNIS
MAGELONA PACIFICA,MAGELONA PACIFICA
MAGELONA PACIFICA FRAGMENT,MAGELONA PACIFICA
MAGELONA SP.,MAGELONA SP.
MALDANE GLEBIFEX,MALDANE GLEBIFEX
MALDANE SARSI,MALDANE SARSI
MALDANE SARSI FRAGMENT,MALDANE SARSI FRAGMENT
MALDANIDAE,other.unid
MALDANIDAE FRAGMENT,other.unid
MALMGRENIA CASTANEA,MALMGRENIA SP.
MALMGRENIA CASTANEA FRAGMENT,MALMGRENIA SP.
MALMGRENIA SP.,MALMGRENIA SP.
MARGARITES HELICINUS,MARGARITES SP.
MARGARITES OLIVACEUS,MARGARITES SP.
MARGARITES SP.,MARGARITES SP.
MELAENIS LOVENI,MELAENIS LOVENI
MELITA ALASKENSIS,MELITA ALASKENSIS
MELITA DENTATA,MELITA DENTATA
MELITA QUADRISPINOSA,MELITA QUADRISPINOSA
MELITA SP.,other.unid
METOPA SP.,METOPA SP.
MOELLERIA SP.,MOELLERIA SP.
MOLGULA GRIFFITHSII,MOLGULA SP.
MOLGULA SP.,MOLGULA SP.
MOLGULIDAE,other.unid
MOLLUSCA FRAGMENT,other.unid
MONOCULODES SP.,MONOCULODES SP.
MONOCULOPSIS SP.,MONOCULOPSIS SP.
MONTACUTA SP.,MONTACUTA SP.
MONTACUTA SPITZBERGENSIS,MONTACUTA SP.
MONTACUTIDAE,other.unid
MOPALIIDAE,other.unid
MUNNA SP.,MUNNA SP.
MUSCULUS DISCORS,MUSCULUS DISCORS
MUSCULUS GLACIALIS,MUSCULUS GLACIALIS
MUSCULUS NIGER,MUSCULUS NIGER
MUSCULUS NIGER FRAGMENT,MUSCULUS NIGER
MUSCULUS OLIVACEUS,MUSCULUS OLIVACEUS
MYA ARENARIA,MYA ARENARIA
MYA PSEUDOARENARIA,MYA PSEUDOARENARIA
MYA SP.,other.unid
MYA TRUNCATA,MYA TRUNCATA
MYRIANIDA SP.,MYRIANIDA SP.
MYRIOCHELE HEERI,MYRIOCHELE HEERI
MYRIOCHELE OCULATA,MYRIOCHELE OCULATA
MYRIOCHELE SP.,MYRIOCHELE SP.
MYRIOCHELE SP. FRAGMENT,MYRIOCHELE SP.
MYRIOTROCHUS RINKII,MYRIOTROCHUS RINKII
MYTILIDAE,other.unid
NAIDIDAE,other.unid
NEAEROMYA COMPRESSA,NEAEROMYA SP.
NEAEROMYA SP.,NEAEROMYA SP.
NEBALIA SP.,NEBALIA SP.
NEMERTEA [RHYNCOCOELA],NEMERTEA
NEMERTEA [RHYNCOCOELA] FRAGMENT,NEMERTEA
NEMERTEA SP. 1,NEMERTEA
NEPHASOMA DIAPHANES CORRUGATUM,NEPHASOMA SP.
NEPHASOMA DIAPHANES DIAPHANES,NEPHASOMA SP.
NEPHASOMA SP.,NEPHASOMA SP.
NEPHTYIDAE,other.unid
NEPHTYS CAECA,NEPHTYS CAECA
NEPHTYS CILIATA,NEPHTYS CILIATA
NEPHTYS JUVENILE,NEPHTYS JUVENILE
NEPHTYS JUVENILE FRAGMENT,NEPHTYS JUVENILE FRAGMENT
NEPHTYS LONGOSETOSA,NEPHTYS LONGOSETOSA
NEPHTYS PARADOXA,NEPHTYS PARADOXA
NEPHTYS PUNCTATA,NEPHTYS PUNCTATA
NEPHTYS SP.,other.unid
NEREIMYRA SP.,NEREIMYRA SP.
NEREIS SP.,NEREIS SP.
NICOLEA ZOSTERICOLA,NICOLEA ZOSTERICOLA
NICOMACHE LUMBRICALIS,NICOMACHE SP.
NICOMACHE LUMBRICALIS FRAGMENT,NICOMACHE SP.
NICOMACHE MINOR,NICOMACHE SP.
NICOMACHE SP.,NICOMACHE SP.
NOTOMASTUS SP.,NOTOMASTUS SP.
NUCULANA LEONINA,NUCULANA LEONINA
NUCULANA MINUTA,NUCULANA MINUTA
NUCULANA PERNULA,NUCULANA PERNULA
NUCULANA RADIATA,NUCULANA RADIATA
NUCULANIDAE,other.unid
NUTRICOLA LORDI,NUTRICOLA LORDI
NUTRICOLA SP.,other.unid
NUTRICOLA TANTILLA,NUTRICOLA TANTILLA
ODIUS SP.,ODIUS SP.
OEDICEROS SP.,OEDICEROS SP.
OEDICEROTIDAE,other.unid
OLIGOCHAETA,other.unid
ONISIMUS AFFINIS,ONISIMUS SP.
ONISIMUS SP.,ONISIMUS SP.
ONUPHIS PARVA,ONUPHIS PARVA
OPHELIIDAE,other.unid
OPHELINA ACUMINATA,OPHELINA ACUMINATA
OPHELINA CYLINDRICAUDATA,OPHELINA CYLINDRICAUDATA
OPHELINA LIMACINA,OPHELINA LIMACINA
OPHELINA SP.,other.unid
OPHIOCTEN SP.,OPHIOCTEN SP.
OPHIOPENIA SP.,OPHIOPENIA SP.
OPHIOPENIA VACINA,OPHIOPENIA SP.
OPHIOPHOLIS ACULEATA,OPHIOPHOLIS SP.
OPHIOPHOLIS SP.,OPHIOPHOLIS SP.
OPHIURA ROBUSTA,OPHIURA ROBUSTA
OPHIURA SARSI,OPHIURA SARSI
OPHIURA SARSI FRAGMENT,OPHIURA SARSI
OPHIURA SP.,other.unid
OPHIURIDAE,other.unid
OPHIUROIDEA,other.unid
OPHIUROIDEA FRAGMENT,other.unid
ORBINIIDAE,other.unid
ORBINIIDAE FRAGMENT,other.unid
ORCHOMENE SP.,ORCHOMENE SP.
OSTRACODA,other.unid
OWENIA FUSIFORMIS,OWENIA FUSIFORMIS
OWENIA FUSIFORMIS FRAGMENT,OWENIA FUSIFORMIS
OWENIIDAE FRAGMENT,other.unid
PANDORA SP.,PANDORA SP.
PANDORA WARDIANA,PANDORA SP.
PANOPEA ABRUPTA,PANOPEA ABRUPTA
PARAPHOXUS EPISTOMUS,PARAPHOXUS SP.
PARAPHOXUS OCULATUS,PARAPHOXUS SP.
PARAPHOXUS SP.,PARAPHOXUS SP.
PAROEDICEROS SP.,PAROEDICEROS SP.
PAROUGIA SP.,PAROUGIA SP.
PARVILUCINA SP.,PARVILUCINA SP.
PARVILUCINA TENUISCULPTA,PARVILUCINA SP.
PECTINARIA GRANULATA,PECTINARIA GRANULATA
PECTINARIA HYPERBOREA,PECTINARIA HYPERBOREA
PECTINARIA SP.,other.unid
PELONAIA CORRUGATA,PELONAIA SP.
PELONAIA SP.,PELONAIA SP.
PETALOPROCTUS SERRATA,PETALOPROCTUS SP.
PETALOPROCTUS SP.,PETALOPROCTUS SP.
PETALOPROCTUS TENUIS,PETALOPROCTUS SP.
PETALOSARSIA DECLIVIS,PETALOSARSIA DECLIVIS
PETTIBONESIA [MALMGRENIA] FURCOSETOSA,PETTIBONESIA FURCOSETOSA
PHASCOLION SP.,other.unid
PHASCOLION STROMBUS,PHASCOLION STROMBUS
PHASCOLIONIDAE,other.unid
PHERUSA SP.,PHERUSA SP.
PHILINE SP.,PHILINE SP.
PHILOBRYA SETOSA,PHILOBRYA SETOSA
PHOLADIDAE,other.unid
PHOLOE ASSIMILIS,PHOLOE ASSIMILIS
PHOLOE MINUTA,PHOLOE MINUTA
PHOLOE MINUTA FRAGMENT,PHOLOE MINUTA
PHORONIS SP.,PHORONIS SP.
PHOTIS BAECKMANNAE,PHOTIS SP.
PHOTIS FISCHMANNI,PHOTIS SP.
PHOTIS SP.,PHOTIS SP.
PHOTIS SPASSKII,PHOTIS SP.
PHOTIS VINOGRADOVI,PHOTIS SP.
PHOXOCEPHALIDAE,other.unid
PHYLLODOCE CITRINA,PHYLLODOCE CITRINA
PHYLLODOCE GROENLANDICA,PHYLLODOCE GROENLANDICA
PHYLLODOCE GROENLANDICA FRAGMENT,PHYLLODOCE GROENLANDICA FRAGMENT
PHYLLODOCE MACULATA,PHYLLODOCE MACULATA
PHYLLODOCE SP.,other.unid
PHYLLODOCIDAE FRAGMENT,other.unid
PLANKTOMYA SP.,PLANKTOMYA SP.
PLATYHELMINTHES [TURBELLARIA],other.unid
PLEUSTES SP.,PLEUSTES SP.
PLEUSTIDAE,other.unid
PODOSESMUS MACROCHISMA,PODOSESMUS MACROCHISMA
POLYCHAETA,other.unid
POLYCHAETA FRAGMENT,other.unid
POLYCIRRUS SP.,POLYCIRRUS SP.
POLYDORA CAECA,POLYDORA SP.
POLYDORA SP.,POLYDORA SP.
POLYDORA SP. FRAGMENT,POLYDORA SP.
POLYGORDIDAE FRAGMENT,other.unid
POLYNOE CANADENSIS,POLYNOIDAE
POLYNOE SP.,POLYNOIDAE
POLYNOIDAE,POLYNOIDAE
POLYNOIDAE FRAGMENT,POLYNOIDAE
PONTOPOREIA FEMORATA,PONTOPOREIA FEMORATA
PORTLANDIA ARCTICA,PORTLANDIA ARCTICA
PORTLANDIA INTERMEDIA,PORTLANDIA INTERMEDIA
POTAMILLA NEGLECTA,POTAMILLA NEGLECTA
POTAMILLA RENIFORMIS,POTAMILLA RENIFORMIS
POTAMILLA SP.,other.unid
PRAXILLELLA GRACILIS,PRAXILLELLA SP.
PRAXILLELLA GRACILIS ORIENTALIS,PRAXILLELLA SP.
PRAXILLELLA GRACILIS ORIENTALIS FRAGME,PRAXILLELLA SP.
PRAXILLELLA PRAETERMISSA,PRAXILLELLA SP.
PRAXILLELLA PRAETERMISSA FRAGMENT,PRAXILLELLA SP.
PRAXILLELLA SP.,PRAXILLELLA SP.
PRAXILLELLA SP. FRAGMENT,PRAXILLELLA SP.
PRIAPULUS CAUDATUS,PRIAPULUS CAUDATUS
PRIONOSPIO CIRRIFERA,PRIONOSPIO CIRRIFERA
PRIONOSPIO SP.,other.unid
PRIONOSPIO STEENSTRUPI,PRIONOSPIO STEENSTRUPI
PROCERAEA SP.,PROCERAEA SP.
PROTOMEDEIA DULKEITI,PROTOMEDEIA SP.
PROTOMEDEIA FASCIATA,PROTOMEDEIA SP.
PROTOMEDEIA GRANDIMANA,PROTOMEDEIA SP.
PROTOMEDEIA SP.,PROTOMEDEIA SP.
PROTOMYSTIDES EXIGUA,PROTOMYSTIDES EXIGUA
PSEUDOMYSTIDES SPINACHIA,PSEUDOMYSTIDES SPINACHIA
PSOLUS SP.,PSOLUS SP.
PSOLUS SP. FRAGMENT,PSOLUS SP.
PYGOSPIO ELEGANS,PYGOSPIO ELEGANS
RETUSA OBTUSA,RETUSA OBTUSA
REXITHAERUS SECTA,REXITHAERUS SECTA
RHACHOTROPIS SP.,RHACHOTROPIS SP.
RHODINE GLACILIOR,RHODINE SP.
RHODINE LOVENI,RHODINE SP.
RHODINE LOVENI FRAGMENT,RHODINE SP.
RHODINE SP.,RHODINE SP.
RHODINE SP. FRAGMENT,RHODINE SP.
RISSOIDAE,other.unid
ROCHEFORTIA SP.,ROCHEFORTIA SP.
SABELLARIIDAE,other.unid
SABELLIDAE,other.unid
SABELLIDES BOREALIS,SABELLIDES BOREALIS
SACCELLA HINDSII,SACCELLA HINDSII
SACCOGLOSSUS SP.,SACCOGLOSSUS SP.
SCALIBREGMA CELTICUM,SCALIBREGMA CELTICUM
SCALIBREGMA INFLATUM,SCALIBREGMA INFLATUM
SCALIBREGMA SP.,other.unid
SCALIBREGMATIDAE [SCALIBREGMIDAE],other.unid
SCOLELEPSIS FOLIOSA,SCOLELEPSIS FOLIOSA
SCOLETOMA [LUMBRINERIS] SP.,SCOLETOMA SP.
SCOLETOMA [LUMBRINERIS] SP. FRAGMENT,SCOLETOMA SP.
SCOLOPLOS ARMIGER,SCOLOPLOS ARMIGER
SEMELE SP.,SEMELE SP.
SERRIPES GROENLANDICUS,SERRIPES GROENLANDICUS
SERRIPES LAPEROUSII,SERRIPES LAPEROUSII
SERRIPES SP.,other.unid
SERRIPES SP. FRAGMENT,other.unid
SOLARIELLA OBSCURA,SOLARIELLA OBSCURA
SOLARIELLA VARICOSA,SOLARIELLA VARICOSA
SPHAEROCHURIA BITENTACULATA,SPHAEROCHURIA BITENTACULATA
SPHAERODOIDIUM GRACILIS,SPHAERODOIDIUM GRACILIS
SPHAERODOIDIUM GUERRITAI,SPHAERODOIDIUM GUERRITAI
SPHAERODOIDIUM SPHAERULIFER,SPHAERODOIDIUM SPHAERULIFER
SPHAERODOROPSIS MINUTA,SPHAERODOROPSIS SP.
SPHAERODOROPSIS SP.,SPHAERODOROPSIS SP.
SPHAEROSYLLIS ERINACEUS,SPHAEROSYLLIS ERINACEUS
SPHAEROSYLLIS HIRSUTA,SPHAEROSYLLIS HIRSUTA
SPHENIA OVOIDEA,SPHENIA OVOIDEA
SPIO FILICORNIS,SPIO SP.
SPIO SP.,SPIO SP.
SPIOCHAETOPTERUS TYPICUS,SPIOCHAETOPTERUS TYPICUS
SPIONIDAE,other.unid
SPIONIDAE FRAGMENT,other.unid
SPIOPHANES BOMBYX,SPIOPHANES BOMBYX
SPIRORBIDAE,other.unid
SPIRORBIS SP.,SPIRORBIS SP.
STEGOPHIURA SP.,STEGOPHIURA SP.
STENOPLEUSTES SP.,STENOPLEUSTES SP.
STENOTHOE SP.,STENOTHOE SP.
STENOTHOIDAE,other.unid
STERNASPIS SCUTATA,STERNASPIS SCUTATA
STRONGYLOCENTROTUS DROEBACHIENSIS,STRONGYLOCENTROTUS DROEBACHIENSIS
STYELIDAE,other.unid
SYLLIDAE,other.unid
SYLLIS SP.,SYLLIS SP.
SYNAPTIDAE,other.unid
SYNMEROSYLLIS SP.,SYNMEROSYLLIS SP.
SYRRHOE SP.,SYRRHOE SP.
TANAIDACEA,other.unid
TANAIDIDAE [TANAIDAE],other.unid
TELLINA LUTEA,TELLINA SP.
TELLINA SP.,TELLINA SP.
TEREBELLIDAE,other.unid
TEREBELLIDAE FRAGMENT,other.unid
TEREBELLIDES STROEMII,TEREBELLIDES STROEMII
TETHYUM AURANTIUM,TETHYUM AURANTIUM
THELEPUS CINCINNATUS,THELEPUS CINCINNATUS
THRACIA DEVEXA,THRACIA SP.
THRACIA MYOPSIS,THRACIA SP.
THRACIA SP.,THRACIA SP.
THRACIA TRAPEZOIDES,THRACIA SP.
THYASIRA FLEXUOSA,THYASIRA FLEXUOSA
THYASIRA GOULDI,THYASIRA GOULDI
THYASIRIDAE,other.unid
TIRON SP.,TIRON SP.
TRAVISIA FORBESII,TRAVISIA FORBESII
TRAVISIA KERGUELENSIS,TRAVISIA KERGUELENSIS
TRAVISIA SP.,other.unid
TRICHOBRANCHIDAE,other.unid
TRICHOBRANCHUS GRACIALIS,TRICHOBRANCHUS GRACIALIS
TROCHIDAE [SOLARIELLIDAE],other.unid
TYPOSYLLIS FASCIATA,TYPOSYLLIS SP.
TYPOSYLLIS SP.,TYPOSYLLIS SP.
TYPOSYLLIS SP. FRAGMENT,TYPOSYLLIS SP.
UNICOLA SP.,UNICOLA SP.
URISTES SP.,URISTES SP.
WESTWOODILLA SP.,WESTWOODILLA SP.
YOLDIA AEOLICA [SEMINUDA],YOLDIA AEOLICA
YOLDIA HYPERBOREA,YOLDIA HYPERBOREA
YOLDIA MYALIS,YOLDIA MYALIS
YOLDIA SP.,other.unid
YOLDIELLA NANA,YOLDIELLA SP.
YOLDIELLA SP.,YOLDIELLA SP.
